Module URL,Start New Sequence?,Start New Atom?,Learning Objective Description,Concepts,Type,Title,Atom Type,Quiz?,Atom Header,Atom Body,Choice A,Choice B,Choice C,Choice D,Choice E,Choice F,Choice G,Correct Answer,Learnosity JSON,General Explanation,Author,Source URL,License
,Y,Y,Extend the power rule to functions with rational exponents,Find the derivative of a monomial function with negative exponents,LEA,Extend the power rule to functions with rational exponents,AB,,,Find $_\displaystyle \frac{d}{dx} \left(- 2x^{-7/9}\right)$_. ,,,,,,,,\frac{d}{dx}\left(- 2x^{-7/9}\right)=\frac{14}{9}x^{-16/9} ,"{""type"": ""formulaV2"", ""is_math"": true, ""ui_style"": {""type"": ""block-on-focus-keyboard""}, ""template"": ""\\frac{d}{dx}\\left(- 2x^{-7/9}\\right)={{response}}"", ""response_containers"": [], ""symbols"": [""basic"", ""qwerty""], ""validation"": {""scoring_type"": ""exactMatch"", ""valid_response"": {""score"": 1, ""value"": [{""method"": ""equivSymbolic"", ""value"": ""\\frac{d}{dx}\\left(- 2x^{-7/9}\\right)=\\frac{14}{9}x^{-16/9} "", ""options"": {""ignoreText"": true, ""decimalPlaces"": 10}}]}, ""alt_responses"": []}}","<p>To solve this problem, you will need to recall:<ul><li>The <b>extended power rule</b> for derivatives states that if $_f(x) = x^n$_, and $_n$_ is a non-zero real number, then$$\frac{d}{dx}f(x)= n x^{n-1}.$$</li><li>The <b>constant multiple rule</b> for derivatives states that the derivative of a constant times a function is equal to the constant times the derivative of the function. In math notation this means that if $_g(x) = cf(x)$_, where $_c$_ is a constant, then$$\frac{d}{dx}\left(g(x)\right) = c \frac{d}{dx}\left( f(x) \right).$$</li></ul></p><p>In this problem we are given $_f(x) = - 2x^{-7/9}$_. We can use the constant rule to take the constant, $_-2$_ outside of the derivative to find$$\begin{align}\frac{d}{dx} f(x) &= \frac{d}{dx} \left(- 2x^{-7/9}\right) \\[5pt]&= -2 \cdot \frac{d}{dx} \left(x^{ -7/9 }\right).\end{align}$$ </p><p>Using the power rule to differentiate $_x^{ -7/9 } $_ we have$$\begin{align}\frac{d}{dx} f(x) &= -2 \cdot \frac{d}{dx} \left(x^{ -7/9 }\right) \\[5pt]&= -2\left(- \frac{7}{9}x^{ -7/9 - 1 }\right) \\[5pt]&= \frac{14}{9}x^{-16/9}.\end{align}$$</p>",Knewton,http://www.knewton.com,CC_BY_NC_ND
,Y,Y,Extend the power rule to functions with rational exponents,Find the derivative of a monomial function with negative exponents,LEA,Extend the power rule to functions with rational exponents,AB,,,Find $_\displaystyle \frac{d}{dx} \left(2x^{5/7}\right)$_. ,,,,,,,,\frac{d}{dx}\left(2x^{5/7}\right)=\frac{10}{7}x^{-2/7} ,"{""type"": ""formulaV2"", ""is_math"": true, ""ui_style"": {""type"": ""block-on-focus-keyboard""}, ""template"": ""\\frac{d}{dx}\\left(2x^{5/7}\\right)={{response}}"", ""response_containers"": [], ""symbols"": [""basic"", ""qwerty""], ""validation"": {""scoring_type"": ""exactMatch"", ""valid_response"": {""score"": 1, ""value"": [{""method"": ""equivSymbolic"", ""value"": ""\\frac{d}{dx}\\left(2x^{5/7}\\right)=\\frac{10}{7}x^{-2/7} "", ""options"": {""ignoreText"": true, ""decimalPlaces"": 10}}]}, ""alt_responses"": []}}","<p>To solve this problem, you will need to recall:<ul><li>The <b>extended power rule</b> for derivatives states that if $_f(x) = x^n$_, and $_n$_ is a non-zero real number, then$$\frac{d}{dx}f(x)= n x^{n-1}.$$</li><li>The <b>constant multiple rule</b> for derivatives states that the derivative of a constant times a function is equal to the constant times the derivative of the function. In math notation this means that if $_g(x) = cf(x)$_, where $_c$_ is a constant, then$$\frac{d}{dx}\left(g(x)\right) = c \frac{d}{dx}\left( f(x) \right).$$</li></ul></p><p>In this problem we are given $_f(x) = 2x^{5/7}$_. We can use the constant rule to take the constant, $_2$_ outside of the derivative to find$$\begin{align}\frac{d}{dx} f(x) &= \frac{d}{dx} \left(2x^{5/7}\right) \\[5pt]&= 2 \cdot \frac{d}{dx} \left(x^{ 5/7 }\right).\end{align}$$ </p><p>Using the power rule to differentiate $_x^{ 5/7 } $_ we have$$\begin{align}\frac{d}{dx} f(x) &= 2 \cdot \frac{d}{dx} \left(x^{ 5/7 }\right) \\[5pt]&= 2\left(\frac{5}{7}x^{ 5/7 - 1 }\right) \\[5pt]&= \frac{10}{7}x^{-2/7}.\end{align}$$</p>",Knewton,http://www.knewton.com,CC_BY_NC_ND
,Y,Y,Extend the power rule to functions with rational exponents,Find the derivative of a monomial function with negative exponents,LEA,Extend the power rule to functions with rational exponents,AB,,,Find $_\displaystyle \frac{d}{dx} \left(8x^{7/6}\right)$_. ,,,,,,,,\frac{d}{dx}\left(8x^{7/6}\right)=\frac{28}{3}x^{1/6} ,"{""type"": ""formulaV2"", ""is_math"": true, ""ui_style"": {""type"": ""block-on-focus-keyboard""}, ""template"": ""\\frac{d}{dx}\\left(8x^{7/6}\\right)={{response}}"", ""response_containers"": [], ""symbols"": [""basic"", ""qwerty""], ""validation"": {""scoring_type"": ""exactMatch"", ""valid_response"": {""score"": 1, ""value"": [{""method"": ""equivSymbolic"", ""value"": ""\\frac{d}{dx}\\left(8x^{7/6}\\right)=\\frac{28}{3}x^{1/6} "", ""options"": {""ignoreText"": true, ""decimalPlaces"": 10}}]}, ""alt_responses"": []}}","<p>To solve this problem, you will need to recall:<ul><li>The <b>extended power rule</b> for derivatives states that if $_f(x) = x^n$_, and $_n$_ is a non-zero real number, then$$\frac{d}{dx}f(x)= n x^{n-1}.$$</li><li>The <b>constant multiple rule</b> for derivatives states that the derivative of a constant times a function is equal to the constant times the derivative of the function. In math notation this means that if $_g(x) = cf(x)$_, where $_c$_ is a constant, then$$\frac{d}{dx}\left(g(x)\right) = c \frac{d}{dx}\left( f(x) \right).$$</li></ul></p><p>In this problem we are given $_f(x) = 8x^{7/6}$_. We can use the constant rule to take the constant, $_8$_ outside of the derivative to find$$\begin{align}\frac{d}{dx} f(x) &= \frac{d}{dx} \left(8x^{7/6}\right) \\[5pt]&= 8 \cdot \frac{d}{dx} \left(x^{ 7/6 }\right).\end{align}$$ </p><p>Using the power rule to differentiate $_x^{ 7/6 } $_ we have$$\begin{align}\frac{d}{dx} f(x) &= 8 \cdot \frac{d}{dx} \left(x^{ 7/6 }\right) \\[5pt]&= 8\left(\frac{7}{6}x^{ 7/6 - 1 }\right) \\[5pt]&= \frac{28}{3}x^{1/6}.\end{align}$$</p>",Knewton,http://www.knewton.com,CC_BY_NC_ND
,Y,Y,Extend the power rule to functions with rational exponents,Find the derivative of a monomial function with negative exponents,LEA,Extend the power rule to functions with rational exponents,AB,,,Find $_\displaystyle \frac{d}{dx} \left(7x^{1/5}\right)$_. ,,,,,,,,\frac{d}{dx}\left(7x^{1/5}\right)=\frac{7}{5}x^{-4/5} ,"{""type"": ""formulaV2"", ""is_math"": true, ""ui_style"": {""type"": ""block-on-focus-keyboard""}, ""template"": ""\\frac{d}{dx}\\left(7x^{1/5}\\right)={{response}}"", ""response_containers"": [], ""symbols"": [""basic"", ""qwerty""], ""validation"": {""scoring_type"": ""exactMatch"", ""valid_response"": {""score"": 1, ""value"": [{""method"": ""equivSymbolic"", ""value"": ""\\frac{d}{dx}\\left(7x^{1/5}\\right)=\\frac{7}{5}x^{-4/5} "", ""options"": {""ignoreText"": true, ""decimalPlaces"": 10}}]}, ""alt_responses"": []}}","<p>To solve this problem, you will need to recall:<ul><li>The <b>extended power rule</b> for derivatives states that if $_f(x) = x^n$_, and $_n$_ is a non-zero real number, then$$\frac{d}{dx}f(x)= n x^{n-1}.$$</li><li>The <b>constant multiple rule</b> for derivatives states that the derivative of a constant times a function is equal to the constant times the derivative of the function. In math notation this means that if $_g(x) = cf(x)$_, where $_c$_ is a constant, then$$\frac{d}{dx}\left(g(x)\right) = c \frac{d}{dx}\left( f(x) \right).$$</li></ul></p><p>In this problem we are given $_f(x) = 7x^{1/5}$_. We can use the constant rule to take the constant, $_7$_ outside of the derivative to find$$\begin{align}\frac{d}{dx} f(x) &= \frac{d}{dx} \left(7x^{1/5}\right) \\[5pt]&= 7 \cdot \frac{d}{dx} \left(x^{ 1/5 }\right).\end{align}$$ </p><p>Using the power rule to differentiate $_x^{ 1/5 } $_ we have$$\begin{align}\frac{d}{dx} f(x) &= 7 \cdot \frac{d}{dx} \left(x^{ 1/5 }\right) \\[5pt]&= 7\left(\frac{1}{5}x^{ 1/5 - 1 }\right) \\[5pt]&= \frac{7}{5}x^{-4/5}.\end{align}$$</p>",Knewton,http://www.knewton.com,CC_BY_NC_ND
,Y,Y,Extend the power rule to functions with rational exponents,Find the derivative of a monomial function with negative exponents,LEA,Extend the power rule to functions with rational exponents,AB,,,Find $_\displaystyle \frac{d}{dx} \left(4x^{-7/2}\right)$_. ,,,,,,,,\frac{d}{dx}\left(4x^{-7/2}\right)=- 14x^{-9/2} ,"{""type"": ""formulaV2"", ""is_math"": true, ""ui_style"": {""type"": ""block-on-focus-keyboard""}, ""template"": ""\\frac{d}{dx}\\left(4x^{-7/2}\\right)={{response}}"", ""response_containers"": [], ""symbols"": [""basic"", ""qwerty""], ""validation"": {""scoring_type"": ""exactMatch"", ""valid_response"": {""score"": 1, ""value"": [{""method"": ""equivSymbolic"", ""value"": ""\\frac{d}{dx}\\left(4x^{-7/2}\\right)=- 14x^{-9/2} "", ""options"": {""ignoreText"": true, ""decimalPlaces"": 10}}]}, ""alt_responses"": []}}","<p>To solve this problem, you will need to recall:<ul><li>The <b>extended power rule</b> for derivatives states that if $_f(x) = x^n$_, and $_n$_ is a non-zero real number, then$$\frac{d}{dx}f(x)= n x^{n-1}.$$</li><li>The <b>constant multiple rule</b> for derivatives states that the derivative of a constant times a function is equal to the constant times the derivative of the function. In math notation this means that if $_g(x) = cf(x)$_, where $_c$_ is a constant, then$$\frac{d}{dx}\left(g(x)\right) = c \frac{d}{dx}\left( f(x) \right).$$</li></ul></p><p>In this problem we are given $_f(x) = 4x^{-7/2}$_. We can use the constant rule to take the constant, $_4$_ outside of the derivative to find$$\begin{align}\frac{d}{dx} f(x) &= \frac{d}{dx} \left(4x^{-7/2}\right) \\[5pt]&= 4 \cdot \frac{d}{dx} \left(x^{ -7/2 }\right).\end{align}$$ </p><p>Using the power rule to differentiate $_x^{ -7/2 } $_ we have$$\begin{align}\frac{d}{dx} f(x) &= 4 \cdot \frac{d}{dx} \left(x^{ -7/2 }\right) \\[5pt]&= 4\left(- \frac{7}{2}x^{ -7/2 - 1 }\right) \\[5pt]&= - 14x^{-9/2}.\end{align}$$</p>",Knewton,http://www.knewton.com,CC_BY_NC_ND
,Y,Y,Extend the power rule to functions with rational exponents,Find the derivative of a monomial function with negative exponents,LEA,Extend the power rule to functions with rational exponents,AB,,,Find $_\displaystyle \frac{d}{dx} \left(6x^{-2/3}\right)$_. ,,,,,,,,\frac{d}{dx}\left(6x^{-2/3}\right)=- 4x^{-5/3} ,"{""type"": ""formulaV2"", ""is_math"": true, ""ui_style"": {""type"": ""block-on-focus-keyboard""}, ""template"": ""\\frac{d}{dx}\\left(6x^{-2/3}\\right)={{response}}"", ""response_containers"": [], ""symbols"": [""basic"", ""qwerty""], ""validation"": {""scoring_type"": ""exactMatch"", ""valid_response"": {""score"": 1, ""value"": [{""method"": ""equivSymbolic"", ""value"": ""\\frac{d}{dx}\\left(6x^{-2/3}\\right)=- 4x^{-5/3} "", ""options"": {""ignoreText"": true, ""decimalPlaces"": 10}}]}, ""alt_responses"": []}}","<p>To solve this problem, you will need to recall:<ul><li>The <b>extended power rule</b> for derivatives states that if $_f(x) = x^n$_, and $_n$_ is a non-zero real number, then$$\frac{d}{dx}f(x)= n x^{n-1}.$$</li><li>The <b>constant multiple rule</b> for derivatives states that the derivative of a constant times a function is equal to the constant times the derivative of the function. In math notation this means that if $_g(x) = cf(x)$_, where $_c$_ is a constant, then$$\frac{d}{dx}\left(g(x)\right) = c \frac{d}{dx}\left( f(x) \right).$$</li></ul></p><p>In this problem we are given $_f(x) = 6x^{-2/3}$_. We can use the constant rule to take the constant, $_6$_ outside of the derivative to find$$\begin{align}\frac{d}{dx} f(x) &= \frac{d}{dx} \left(6x^{-2/3}\right) \\[5pt]&= 6 \cdot \frac{d}{dx} \left(x^{ -2/3 }\right).\end{align}$$ </p><p>Using the power rule to differentiate $_x^{ -2/3 } $_ we have$$\begin{align}\frac{d}{dx} f(x) &= 6 \cdot \frac{d}{dx} \left(x^{ -2/3 }\right) \\[5pt]&= 6\left(- \frac{2}{3}x^{ -2/3 - 1 }\right) \\[5pt]&= - 4x^{-5/3}.\end{align}$$</p>",Knewton,http://www.knewton.com,CC_BY_NC_ND
,Y,Y,Extend the power rule to functions with rational exponents,Find the derivative of a monomial function with negative exponents,LEA,Extend the power rule to functions with rational exponents,AB,,,Find $_\displaystyle \frac{d}{dx} \left(2x^{-1/2}\right)$_. ,,,,,,,,\frac{d}{dx}\left(2x^{-1/2}\right)=- x^{-3/2} ,"{""type"": ""formulaV2"", ""is_math"": true, ""ui_style"": {""type"": ""block-on-focus-keyboard""}, ""template"": ""\\frac{d}{dx}\\left(2x^{-1/2}\\right)={{response}}"", ""response_containers"": [], ""symbols"": [""basic"", ""qwerty""], ""validation"": {""scoring_type"": ""exactMatch"", ""valid_response"": {""score"": 1, ""value"": [{""method"": ""equivSymbolic"", ""value"": ""\\frac{d}{dx}\\left(2x^{-1/2}\\right)=- x^{-3/2} "", ""options"": {""ignoreText"": true, ""decimalPlaces"": 10}}]}, ""alt_responses"": []}}","<p>To solve this problem, you will need to recall:<ul><li>The <b>extended power rule</b> for derivatives states that if $_f(x) = x^n$_, and $_n$_ is a non-zero real number, then$$\frac{d}{dx}f(x)= n x^{n-1}.$$</li><li>The <b>constant multiple rule</b> for derivatives states that the derivative of a constant times a function is equal to the constant times the derivative of the function. In math notation this means that if $_g(x) = cf(x)$_, where $_c$_ is a constant, then$$\frac{d}{dx}\left(g(x)\right) = c \frac{d}{dx}\left( f(x) \right).$$</li></ul></p><p>In this problem we are given $_f(x) = 2x^{-1/2}$_. We can use the constant rule to take the constant, $_2$_ outside of the derivative to find$$\begin{align}\frac{d}{dx} f(x) &= \frac{d}{dx} \left(2x^{-1/2}\right) \\[5pt]&= 2 \cdot \frac{d}{dx} \left(x^{ -1/2 }\right).\end{align}$$ </p><p>Using the power rule to differentiate $_x^{ -1/2 } $_ we have$$\begin{align}\frac{d}{dx} f(x) &= 2 \cdot \frac{d}{dx} \left(x^{ -1/2 }\right) \\[5pt]&= 2\left(- \frac{1}{2}x^{ -1/2 - 1 }\right) \\[5pt]&= - x^{-3/2}.\end{align}$$</p>",Knewton,http://www.knewton.com,CC_BY_NC_ND
,Y,Y,Extend the power rule to functions with rational exponents,Find the derivative of a monomial function with negative exponents,LEA,Extend the power rule to functions with rational exponents,AB,,,Find $_\displaystyle \frac{d}{dx} \left(3x^{7/4}\right)$_. ,,,,,,,,\frac{d}{dx}\left(3x^{7/4}\right)=\frac{21}{4}x^{3/4} ,"{""type"": ""formulaV2"", ""is_math"": true, ""ui_style"": {""type"": ""block-on-focus-keyboard""}, ""template"": ""\\frac{d}{dx}\\left(3x^{7/4}\\right)={{response}}"", ""response_containers"": [], ""symbols"": [""basic"", ""qwerty""], ""validation"": {""scoring_type"": ""exactMatch"", ""valid_response"": {""score"": 1, ""value"": [{""method"": ""equivSymbolic"", ""value"": ""\\frac{d}{dx}\\left(3x^{7/4}\\right)=\\frac{21}{4}x^{3/4} "", ""options"": {""ignoreText"": true, ""decimalPlaces"": 10}}]}, ""alt_responses"": []}}","<p>To solve this problem, you will need to recall:<ul><li>The <b>extended power rule</b> for derivatives states that if $_f(x) = x^n$_, and $_n$_ is a non-zero real number, then$$\frac{d}{dx}f(x)= n x^{n-1}.$$</li><li>The <b>constant multiple rule</b> for derivatives states that the derivative of a constant times a function is equal to the constant times the derivative of the function. In math notation this means that if $_g(x) = cf(x)$_, where $_c$_ is a constant, then$$\frac{d}{dx}\left(g(x)\right) = c \frac{d}{dx}\left( f(x) \right).$$</li></ul></p><p>In this problem we are given $_f(x) = 3x^{7/4}$_. We can use the constant rule to take the constant, $_3$_ outside of the derivative to find$$\begin{align}\frac{d}{dx} f(x) &= \frac{d}{dx} \left(3x^{7/4}\right) \\[5pt]&= 3 \cdot \frac{d}{dx} \left(x^{ 7/4 }\right).\end{align}$$ </p><p>Using the power rule to differentiate $_x^{ 7/4 } $_ we have$$\begin{align}\frac{d}{dx} f(x) &= 3 \cdot \frac{d}{dx} \left(x^{ 7/4 }\right) \\[5pt]&= 3\left(\frac{7}{4}x^{ 7/4 - 1 }\right) \\[5pt]&= \frac{21}{4}x^{3/4}.\end{align}$$</p>",Knewton,http://www.knewton.com,CC_BY_NC_ND
,Y,Y,Extend the power rule to functions with rational exponents,Find the derivative of a monomial function with negative exponents,LEA,Extend the power rule to functions with rational exponents,AB,,,Find $_\displaystyle \frac{d}{dx} \left(10x^{6/7}\right)$_. ,,,,,,,,\frac{d}{dx}\left(10x^{6/7}\right)=\frac{60}{7}x^{-1/7} ,"{""type"": ""formulaV2"", ""is_math"": true, ""ui_style"": {""type"": ""block-on-focus-keyboard""}, ""template"": ""\\frac{d}{dx}\\left(10x^{6/7}\\right)={{response}}"", ""response_containers"": [], ""symbols"": [""basic"", ""qwerty""], ""validation"": {""scoring_type"": ""exactMatch"", ""valid_response"": {""score"": 1, ""value"": [{""method"": ""equivSymbolic"", ""value"": ""\\frac{d}{dx}\\left(10x^{6/7}\\right)=\\frac{60}{7}x^{-1/7} "", ""options"": {""ignoreText"": true, ""decimalPlaces"": 10}}]}, ""alt_responses"": []}}","<p>To solve this problem, you will need to recall:<ul><li>The <b>extended power rule</b> for derivatives states that if $_f(x) = x^n$_, and $_n$_ is a non-zero real number, then$$\frac{d}{dx}f(x)= n x^{n-1}.$$</li><li>The <b>constant multiple rule</b> for derivatives states that the derivative of a constant times a function is equal to the constant times the derivative of the function. In math notation this means that if $_g(x) = cf(x)$_, where $_c$_ is a constant, then$$\frac{d}{dx}\left(g(x)\right) = c \frac{d}{dx}\left( f(x) \right).$$</li></ul></p><p>In this problem we are given $_f(x) = 10x^{6/7}$_. We can use the constant rule to take the constant, $_10$_ outside of the derivative to find$$\begin{align}\frac{d}{dx} f(x) &= \frac{d}{dx} \left(10x^{6/7}\right) \\[5pt]&= 10 \cdot \frac{d}{dx} \left(x^{ 6/7 }\right).\end{align}$$ </p><p>Using the power rule to differentiate $_x^{ 6/7 } $_ we have$$\begin{align}\frac{d}{dx} f(x) &= 10 \cdot \frac{d}{dx} \left(x^{ 6/7 }\right) \\[5pt]&= 10\left(\frac{6}{7}x^{ 6/7 - 1 }\right) \\[5pt]&= \frac{60}{7}x^{-1/7}.\end{align}$$</p>",Knewton,http://www.knewton.com,CC_BY_NC_ND
,Y,Y,Extend the power rule to functions with rational exponents,Find the derivative of a monomial function with negative exponents,LEA,Extend the power rule to functions with rational exponents,AB,,,Find $_\displaystyle \frac{d}{dx} \left(- 5x^{5/2}\right)$_. ,,,,,,,,\frac{d}{dx}\left(- 5x^{5/2}\right)=- \frac{25}{2}x^{3/2} ,"{""type"": ""formulaV2"", ""is_math"": true, ""ui_style"": {""type"": ""block-on-focus-keyboard""}, ""template"": ""\\frac{d}{dx}\\left(- 5x^{5/2}\\right)={{response}}"", ""response_containers"": [], ""symbols"": [""basic"", ""qwerty""], ""validation"": {""scoring_type"": ""exactMatch"", ""valid_response"": {""score"": 1, ""value"": [{""method"": ""equivSymbolic"", ""value"": ""\\frac{d}{dx}\\left(- 5x^{5/2}\\right)=- \\frac{25}{2}x^{3/2} "", ""options"": {""ignoreText"": true, ""decimalPlaces"": 10}}]}, ""alt_responses"": []}}","<p>To solve this problem, you will need to recall:<ul><li>The <b>extended power rule</b> for derivatives states that if $_f(x) = x^n$_, and $_n$_ is a non-zero real number, then$$\frac{d}{dx}f(x)= n x^{n-1}.$$</li><li>The <b>constant multiple rule</b> for derivatives states that the derivative of a constant times a function is equal to the constant times the derivative of the function. In math notation this means that if $_g(x) = cf(x)$_, where $_c$_ is a constant, then$$\frac{d}{dx}\left(g(x)\right) = c \frac{d}{dx}\left( f(x) \right).$$</li></ul></p><p>In this problem we are given $_f(x) = - 5x^{5/2}$_. We can use the constant rule to take the constant, $_-5$_ outside of the derivative to find$$\begin{align}\frac{d}{dx} f(x) &= \frac{d}{dx} \left(- 5x^{5/2}\right) \\[5pt]&= -5 \cdot \frac{d}{dx} \left(x^{ 5/2 }\right).\end{align}$$ </p><p>Using the power rule to differentiate $_x^{ 5/2 } $_ we have$$\begin{align}\frac{d}{dx} f(x) &= -5 \cdot \frac{d}{dx} \left(x^{ 5/2 }\right) \\[5pt]&= -5\left(\frac{5}{2}x^{ 5/2 - 1 }\right) \\[5pt]&= - \frac{25}{2}x^{3/2}.\end{align}$$</p>",Knewton,http://www.knewton.com,CC_BY_NC_ND
,Y,Y,Extend the power rule to functions with rational exponents,Find the derivative of a monomial function with negative exponents,LEA,Extend the power rule to functions with rational exponents,AB,,,Find $_\displaystyle \frac{d}{dx} \left(- 3x^{9/8}\right)$_. ,,,,,,,,\frac{d}{dx}\left(- 3x^{9/8}\right)=- \frac{27}{8}x^{1/8} ,"{""type"": ""formulaV2"", ""is_math"": true, ""ui_style"": {""type"": ""block-on-focus-keyboard""}, ""template"": ""\\frac{d}{dx}\\left(- 3x^{9/8}\\right)={{response}}"", ""response_containers"": [], ""symbols"": [""basic"", ""qwerty""], ""validation"": {""scoring_type"": ""exactMatch"", ""valid_response"": {""score"": 1, ""value"": [{""method"": ""equivSymbolic"", ""value"": ""\\frac{d}{dx}\\left(- 3x^{9/8}\\right)=- \\frac{27}{8}x^{1/8} "", ""options"": {""ignoreText"": true, ""decimalPlaces"": 10}}]}, ""alt_responses"": []}}","<p>To solve this problem, you will need to recall:<ul><li>The <b>extended power rule</b> for derivatives states that if $_f(x) = x^n$_, and $_n$_ is a non-zero real number, then$$\frac{d}{dx}f(x)= n x^{n-1}.$$</li><li>The <b>constant multiple rule</b> for derivatives states that the derivative of a constant times a function is equal to the constant times the derivative of the function. In math notation this means that if $_g(x) = cf(x)$_, where $_c$_ is a constant, then$$\frac{d}{dx}\left(g(x)\right) = c \frac{d}{dx}\left( f(x) \right).$$</li></ul></p><p>In this problem we are given $_f(x) = - 3x^{9/8}$_. We can use the constant rule to take the constant, $_-3$_ outside of the derivative to find$$\begin{align}\frac{d}{dx} f(x) &= \frac{d}{dx} \left(- 3x^{9/8}\right) \\[5pt]&= -3 \cdot \frac{d}{dx} \left(x^{ 9/8 }\right).\end{align}$$ </p><p>Using the power rule to differentiate $_x^{ 9/8 } $_ we have$$\begin{align}\frac{d}{dx} f(x) &= -3 \cdot \frac{d}{dx} \left(x^{ 9/8 }\right) \\[5pt]&= -3\left(\frac{9}{8}x^{ 9/8 - 1 }\right) \\[5pt]&= - \frac{27}{8}x^{1/8}.\end{align}$$</p>",Knewton,http://www.knewton.com,CC_BY_NC_ND
,Y,Y,Extend the power rule to functions with rational exponents,Find the derivative of a monomial function with negative exponents,LEA,Extend the power rule to functions with rational exponents,AB,,,Find $_\displaystyle \frac{d}{dx} \left(8x^{7/9}\right)$_. ,,,,,,,,\frac{d}{dx}\left(8x^{7/9}\right)=\frac{56}{9}x^{-2/9} ,"{""type"": ""formulaV2"", ""is_math"": true, ""ui_style"": {""type"": ""block-on-focus-keyboard""}, ""template"": ""\\frac{d}{dx}\\left(8x^{7/9}\\right)={{response}}"", ""response_containers"": [], ""symbols"": [""basic"", ""qwerty""], ""validation"": {""scoring_type"": ""exactMatch"", ""valid_response"": {""score"": 1, ""value"": [{""method"": ""equivSymbolic"", ""value"": ""\\frac{d}{dx}\\left(8x^{7/9}\\right)=\\frac{56}{9}x^{-2/9} "", ""options"": {""ignoreText"": true, ""decimalPlaces"": 10}}]}, ""alt_responses"": []}}","<p>To solve this problem, you will need to recall:<ul><li>The <b>extended power rule</b> for derivatives states that if $_f(x) = x^n$_, and $_n$_ is a non-zero real number, then$$\frac{d}{dx}f(x)= n x^{n-1}.$$</li><li>The <b>constant multiple rule</b> for derivatives states that the derivative of a constant times a function is equal to the constant times the derivative of the function. In math notation this means that if $_g(x) = cf(x)$_, where $_c$_ is a constant, then$$\frac{d}{dx}\left(g(x)\right) = c \frac{d}{dx}\left( f(x) \right).$$</li></ul></p><p>In this problem we are given $_f(x) = 8x^{7/9}$_. We can use the constant rule to take the constant, $_8$_ outside of the derivative to find$$\begin{align}\frac{d}{dx} f(x) &= \frac{d}{dx} \left(8x^{7/9}\right) \\[5pt]&= 8 \cdot \frac{d}{dx} \left(x^{ 7/9 }\right).\end{align}$$ </p><p>Using the power rule to differentiate $_x^{ 7/9 } $_ we have$$\begin{align}\frac{d}{dx} f(x) &= 8 \cdot \frac{d}{dx} \left(x^{ 7/9 }\right) \\[5pt]&= 8\left(\frac{7}{9}x^{ 7/9 - 1 }\right) \\[5pt]&= \frac{56}{9}x^{-2/9}.\end{align}$$</p>",Knewton,http://www.knewton.com,CC_BY_NC_ND
,Y,Y,Extend the power rule to functions with rational exponents,Find the derivative of a monomial function with negative exponents,LEA,Extend the power rule to functions with rational exponents,AB,,,Find $_\displaystyle \frac{d}{dx} \left(- 8x^{1/3}\right)$_. ,,,,,,,,\frac{d}{dx}\left(- 8x^{1/3}\right)=- \frac{8}{3}x^{-2/3} ,"{""type"": ""formulaV2"", ""is_math"": true, ""ui_style"": {""type"": ""block-on-focus-keyboard""}, ""template"": ""\\frac{d}{dx}\\left(- 8x^{1/3}\\right)={{response}}"", ""response_containers"": [], ""symbols"": [""basic"", ""qwerty""], ""validation"": {""scoring_type"": ""exactMatch"", ""valid_response"": {""score"": 1, ""value"": [{""method"": ""equivSymbolic"", ""value"": ""\\frac{d}{dx}\\left(- 8x^{1/3}\\right)=- \\frac{8}{3}x^{-2/3} "", ""options"": {""ignoreText"": true, ""decimalPlaces"": 10}}]}, ""alt_responses"": []}}","<p>To solve this problem, you will need to recall:<ul><li>The <b>extended power rule</b> for derivatives states that if $_f(x) = x^n$_, and $_n$_ is a non-zero real number, then$$\frac{d}{dx}f(x)= n x^{n-1}.$$</li><li>The <b>constant multiple rule</b> for derivatives states that the derivative of a constant times a function is equal to the constant times the derivative of the function. In math notation this means that if $_g(x) = cf(x)$_, where $_c$_ is a constant, then$$\frac{d}{dx}\left(g(x)\right) = c \frac{d}{dx}\left( f(x) \right).$$</li></ul></p><p>In this problem we are given $_f(x) = - 8x^{1/3}$_. We can use the constant rule to take the constant, $_-8$_ outside of the derivative to find$$\begin{align}\frac{d}{dx} f(x) &= \frac{d}{dx} \left(- 8x^{1/3}\right) \\[5pt]&= -8 \cdot \frac{d}{dx} \left(x^{ 1/3 }\right).\end{align}$$ </p><p>Using the power rule to differentiate $_x^{ 1/3 } $_ we have$$\begin{align}\frac{d}{dx} f(x) &= -8 \cdot \frac{d}{dx} \left(x^{ 1/3 }\right) \\[5pt]&= -8\left(\frac{1}{3}x^{ 1/3 - 1 }\right) \\[5pt]&= - \frac{8}{3}x^{-2/3}.\end{align}$$</p>",Knewton,http://www.knewton.com,CC_BY_NC_ND
,Y,Y,Extend the power rule to functions with rational exponents,Find the derivative of a monomial function with negative exponents,LEA,Extend the power rule to functions with rational exponents,AB,,,Find $_\displaystyle \frac{d}{dx} \left(- 8x^{-5/2}\right)$_. ,,,,,,,,\frac{d}{dx}\left(- 8x^{-5/2}\right)=20x^{-7/2} ,"{""type"": ""formulaV2"", ""is_math"": true, ""ui_style"": {""type"": ""block-on-focus-keyboard""}, ""template"": ""\\frac{d}{dx}\\left(- 8x^{-5/2}\\right)={{response}}"", ""response_containers"": [], ""symbols"": [""basic"", ""qwerty""], ""validation"": {""scoring_type"": ""exactMatch"", ""valid_response"": {""score"": 1, ""value"": [{""method"": ""equivSymbolic"", ""value"": ""\\frac{d}{dx}\\left(- 8x^{-5/2}\\right)=20x^{-7/2} "", ""options"": {""ignoreText"": true, ""decimalPlaces"": 10}}]}, ""alt_responses"": []}}","<p>To solve this problem, you will need to recall:<ul><li>The <b>extended power rule</b> for derivatives states that if $_f(x) = x^n$_, and $_n$_ is a non-zero real number, then$$\frac{d}{dx}f(x)= n x^{n-1}.$$</li><li>The <b>constant multiple rule</b> for derivatives states that the derivative of a constant times a function is equal to the constant times the derivative of the function. In math notation this means that if $_g(x) = cf(x)$_, where $_c$_ is a constant, then$$\frac{d}{dx}\left(g(x)\right) = c \frac{d}{dx}\left( f(x) \right).$$</li></ul></p><p>In this problem we are given $_f(x) = - 8x^{-5/2}$_. We can use the constant rule to take the constant, $_-8$_ outside of the derivative to find$$\begin{align}\frac{d}{dx} f(x) &= \frac{d}{dx} \left(- 8x^{-5/2}\right) \\[5pt]&= -8 \cdot \frac{d}{dx} \left(x^{ -5/2 }\right).\end{align}$$ </p><p>Using the power rule to differentiate $_x^{ -5/2 } $_ we have$$\begin{align}\frac{d}{dx} f(x) &= -8 \cdot \frac{d}{dx} \left(x^{ -5/2 }\right) \\[5pt]&= -8\left(- \frac{5}{2}x^{ -5/2 - 1 }\right) \\[5pt]&= 20x^{-7/2}.\end{align}$$</p>",Knewton,http://www.knewton.com,CC_BY_NC_ND
,Y,Y,Extend the power rule to functions with rational exponents,Find the derivative of a monomial function with negative exponents,LEA,Extend the power rule to functions with rational exponents,AB,,,Find $_\displaystyle \frac{d}{dx} \left(8x^{-5/3}\right)$_. ,,,,,,,,\frac{d}{dx}\left(8x^{-5/3}\right)=- \frac{40}{3}x^{-8/3} ,"{""type"": ""formulaV2"", ""is_math"": true, ""ui_style"": {""type"": ""block-on-focus-keyboard""}, ""template"": ""\\frac{d}{dx}\\left(8x^{-5/3}\\right)={{response}}"", ""response_containers"": [], ""symbols"": [""basic"", ""qwerty""], ""validation"": {""scoring_type"": ""exactMatch"", ""valid_response"": {""score"": 1, ""value"": [{""method"": ""equivSymbolic"", ""value"": ""\\frac{d}{dx}\\left(8x^{-5/3}\\right)=- \\frac{40}{3}x^{-8/3} "", ""options"": {""ignoreText"": true, ""decimalPlaces"": 10}}]}, ""alt_responses"": []}}","<p>To solve this problem, you will need to recall:<ul><li>The <b>extended power rule</b> for derivatives states that if $_f(x) = x^n$_, and $_n$_ is a non-zero real number, then$$\frac{d}{dx}f(x)= n x^{n-1}.$$</li><li>The <b>constant multiple rule</b> for derivatives states that the derivative of a constant times a function is equal to the constant times the derivative of the function. In math notation this means that if $_g(x) = cf(x)$_, where $_c$_ is a constant, then$$\frac{d}{dx}\left(g(x)\right) = c \frac{d}{dx}\left( f(x) \right).$$</li></ul></p><p>In this problem we are given $_f(x) = 8x^{-5/3}$_. We can use the constant rule to take the constant, $_8$_ outside of the derivative to find$$\begin{align}\frac{d}{dx} f(x) &= \frac{d}{dx} \left(8x^{-5/3}\right) \\[5pt]&= 8 \cdot \frac{d}{dx} \left(x^{ -5/3 }\right).\end{align}$$ </p><p>Using the power rule to differentiate $_x^{ -5/3 } $_ we have$$\begin{align}\frac{d}{dx} f(x) &= 8 \cdot \frac{d}{dx} \left(x^{ -5/3 }\right) \\[5pt]&= 8\left(- \frac{5}{3}x^{ -5/3 - 1 }\right) \\[5pt]&= - \frac{40}{3}x^{-8/3}.\end{align}$$</p>",Knewton,http://www.knewton.com,CC_BY_NC_ND
,Y,Y,Extend the power rule to functions with rational exponents,Find the derivative of a monomial function with negative exponents,LEA,Extend the power rule to functions with rational exponents,AB,,,Find $_\displaystyle \frac{d}{dx} \left(- 5x^{-1/3}\right)$_. ,,,,,,,,\frac{d}{dx}\left(- 5x^{-1/3}\right)=\frac{5}{3}x^{-4/3} ,"{""type"": ""formulaV2"", ""is_math"": true, ""ui_style"": {""type"": ""block-on-focus-keyboard""}, ""template"": ""\\frac{d}{dx}\\left(- 5x^{-1/3}\\right)={{response}}"", ""response_containers"": [], ""symbols"": [""basic"", ""qwerty""], ""validation"": {""scoring_type"": ""exactMatch"", ""valid_response"": {""score"": 1, ""value"": [{""method"": ""equivSymbolic"", ""value"": ""\\frac{d}{dx}\\left(- 5x^{-1/3}\\right)=\\frac{5}{3}x^{-4/3} "", ""options"": {""ignoreText"": true, ""decimalPlaces"": 10}}]}, ""alt_responses"": []}}","<p>To solve this problem, you will need to recall:<ul><li>The <b>extended power rule</b> for derivatives states that if $_f(x) = x^n$_, and $_n$_ is a non-zero real number, then$$\frac{d}{dx}f(x)= n x^{n-1}.$$</li><li>The <b>constant multiple rule</b> for derivatives states that the derivative of a constant times a function is equal to the constant times the derivative of the function. In math notation this means that if $_g(x) = cf(x)$_, where $_c$_ is a constant, then$$\frac{d}{dx}\left(g(x)\right) = c \frac{d}{dx}\left( f(x) \right).$$</li></ul></p><p>In this problem we are given $_f(x) = - 5x^{-1/3}$_. We can use the constant rule to take the constant, $_-5$_ outside of the derivative to find$$\begin{align}\frac{d}{dx} f(x) &= \frac{d}{dx} \left(- 5x^{-1/3}\right) \\[5pt]&= -5 \cdot \frac{d}{dx} \left(x^{ -1/3 }\right).\end{align}$$ </p><p>Using the power rule to differentiate $_x^{ -1/3 } $_ we have$$\begin{align}\frac{d}{dx} f(x) &= -5 \cdot \frac{d}{dx} \left(x^{ -1/3 }\right) \\[5pt]&= -5\left(- \frac{1}{3}x^{ -1/3 - 1 }\right) \\[5pt]&= \frac{5}{3}x^{-4/3}.\end{align}$$</p>",Knewton,http://www.knewton.com,CC_BY_NC_ND
,Y,Y,Extend the power rule to functions with rational exponents,Find the derivative of a monomial function with negative exponents,LEA,Extend the power rule to functions with rational exponents,AB,,,Find $_\displaystyle \frac{d}{dx} \left(- 4x^{-5/3}\right)$_. ,,,,,,,,\frac{d}{dx}\left(- 4x^{-5/3}\right)=\frac{20}{3}x^{-8/3} ,"{""type"": ""formulaV2"", ""is_math"": true, ""ui_style"": {""type"": ""block-on-focus-keyboard""}, ""template"": ""\\frac{d}{dx}\\left(- 4x^{-5/3}\\right)={{response}}"", ""response_containers"": [], ""symbols"": [""basic"", ""qwerty""], ""validation"": {""scoring_type"": ""exactMatch"", ""valid_response"": {""score"": 1, ""value"": [{""method"": ""equivSymbolic"", ""value"": ""\\frac{d}{dx}\\left(- 4x^{-5/3}\\right)=\\frac{20}{3}x^{-8/3} "", ""options"": {""ignoreText"": true, ""decimalPlaces"": 10}}]}, ""alt_responses"": []}}","<p>To solve this problem, you will need to recall:<ul><li>The <b>extended power rule</b> for derivatives states that if $_f(x) = x^n$_, and $_n$_ is a non-zero real number, then$$\frac{d}{dx}f(x)= n x^{n-1}.$$</li><li>The <b>constant multiple rule</b> for derivatives states that the derivative of a constant times a function is equal to the constant times the derivative of the function. In math notation this means that if $_g(x) = cf(x)$_, where $_c$_ is a constant, then$$\frac{d}{dx}\left(g(x)\right) = c \frac{d}{dx}\left( f(x) \right).$$</li></ul></p><p>In this problem we are given $_f(x) = - 4x^{-5/3}$_. We can use the constant rule to take the constant, $_-4$_ outside of the derivative to find$$\begin{align}\frac{d}{dx} f(x) &= \frac{d}{dx} \left(- 4x^{-5/3}\right) \\[5pt]&= -4 \cdot \frac{d}{dx} \left(x^{ -5/3 }\right).\end{align}$$ </p><p>Using the power rule to differentiate $_x^{ -5/3 } $_ we have$$\begin{align}\frac{d}{dx} f(x) &= -4 \cdot \frac{d}{dx} \left(x^{ -5/3 }\right) \\[5pt]&= -4\left(- \frac{5}{3}x^{ -5/3 - 1 }\right) \\[5pt]&= \frac{20}{3}x^{-8/3}.\end{align}$$</p>",Knewton,http://www.knewton.com,CC_BY_NC_ND
,Y,Y,Extend the power rule to functions with rational exponents,Find the derivative of a monomial function with negative exponents,LEA,Extend the power rule to functions with rational exponents,AB,,,Find $_\displaystyle \frac{d}{dx} \left(- 10x^{-2/3}\right)$_. ,,,,,,,,\frac{d}{dx}\left(- 10x^{-2/3}\right)=\frac{20}{3}x^{-5/3} ,"{""type"": ""formulaV2"", ""is_math"": true, ""ui_style"": {""type"": ""block-on-focus-keyboard""}, ""template"": ""\\frac{d}{dx}\\left(- 10x^{-2/3}\\right)={{response}}"", ""response_containers"": [], ""symbols"": [""basic"", ""qwerty""], ""validation"": {""scoring_type"": ""exactMatch"", ""valid_response"": {""score"": 1, ""value"": [{""method"": ""equivSymbolic"", ""value"": ""\\frac{d}{dx}\\left(- 10x^{-2/3}\\right)=\\frac{20}{3}x^{-5/3} "", ""options"": {""ignoreText"": true, ""decimalPlaces"": 10}}]}, ""alt_responses"": []}}","<p>To solve this problem, you will need to recall:<ul><li>The <b>extended power rule</b> for derivatives states that if $_f(x) = x^n$_, and $_n$_ is a non-zero real number, then$$\frac{d}{dx}f(x)= n x^{n-1}.$$</li><li>The <b>constant multiple rule</b> for derivatives states that the derivative of a constant times a function is equal to the constant times the derivative of the function. In math notation this means that if $_g(x) = cf(x)$_, where $_c$_ is a constant, then$$\frac{d}{dx}\left(g(x)\right) = c \frac{d}{dx}\left( f(x) \right).$$</li></ul></p><p>In this problem we are given $_f(x) = - 10x^{-2/3}$_. We can use the constant rule to take the constant, $_-10$_ outside of the derivative to find$$\begin{align}\frac{d}{dx} f(x) &= \frac{d}{dx} \left(- 10x^{-2/3}\right) \\[5pt]&= -10 \cdot \frac{d}{dx} \left(x^{ -2/3 }\right).\end{align}$$ </p><p>Using the power rule to differentiate $_x^{ -2/3 } $_ we have$$\begin{align}\frac{d}{dx} f(x) &= -10 \cdot \frac{d}{dx} \left(x^{ -2/3 }\right) \\[5pt]&= -10\left(- \frac{2}{3}x^{ -2/3 - 1 }\right) \\[5pt]&= \frac{20}{3}x^{-5/3}.\end{align}$$</p>",Knewton,http://www.knewton.com,CC_BY_NC_ND
,Y,Y,Extend the power rule to functions with rational exponents,Find the derivative of a monomial function with negative exponents,LEA,Extend the power rule to functions with rational exponents,AB,,,Find $_\displaystyle \frac{d}{dx} \left(6x^{-1/2}\right)$_. ,,,,,,,,\frac{d}{dx}\left(6x^{-1/2}\right)=- 3x^{-3/2} ,"{""type"": ""formulaV2"", ""is_math"": true, ""ui_style"": {""type"": ""block-on-focus-keyboard""}, ""template"": ""\\frac{d}{dx}\\left(6x^{-1/2}\\right)={{response}}"", ""response_containers"": [], ""symbols"": [""basic"", ""qwerty""], ""validation"": {""scoring_type"": ""exactMatch"", ""valid_response"": {""score"": 1, ""value"": [{""method"": ""equivSymbolic"", ""value"": ""\\frac{d}{dx}\\left(6x^{-1/2}\\right)=- 3x^{-3/2} "", ""options"": {""ignoreText"": true, ""decimalPlaces"": 10}}]}, ""alt_responses"": []}}","<p>To solve this problem, you will need to recall:<ul><li>The <b>extended power rule</b> for derivatives states that if $_f(x) = x^n$_, and $_n$_ is a non-zero real number, then$$\frac{d}{dx}f(x)= n x^{n-1}.$$</li><li>The <b>constant multiple rule</b> for derivatives states that the derivative of a constant times a function is equal to the constant times the derivative of the function. In math notation this means that if $_g(x) = cf(x)$_, where $_c$_ is a constant, then$$\frac{d}{dx}\left(g(x)\right) = c \frac{d}{dx}\left( f(x) \right).$$</li></ul></p><p>In this problem we are given $_f(x) = 6x^{-1/2}$_. We can use the constant rule to take the constant, $_6$_ outside of the derivative to find$$\begin{align}\frac{d}{dx} f(x) &= \frac{d}{dx} \left(6x^{-1/2}\right) \\[5pt]&= 6 \cdot \frac{d}{dx} \left(x^{ -1/2 }\right).\end{align}$$ </p><p>Using the power rule to differentiate $_x^{ -1/2 } $_ we have$$\begin{align}\frac{d}{dx} f(x) &= 6 \cdot \frac{d}{dx} \left(x^{ -1/2 }\right) \\[5pt]&= 6\left(- \frac{1}{2}x^{ -1/2 - 1 }\right) \\[5pt]&= - 3x^{-3/2}.\end{align}$$</p>",Knewton,http://www.knewton.com,CC_BY_NC_ND
,Y,Y,Extend the power rule to functions with rational exponents,Find the derivative of a monomial function with negative exponents,LEA,Extend the power rule to functions with rational exponents,AB,,,Find $_\displaystyle \frac{d}{dx} \left(6x^{-3/2}\right)$_. ,,,,,,,,\frac{d}{dx}\left(6x^{-3/2}\right)=- 9x^{-5/2} ,"{""type"": ""formulaV2"", ""is_math"": true, ""ui_style"": {""type"": ""block-on-focus-keyboard""}, ""template"": ""\\frac{d}{dx}\\left(6x^{-3/2}\\right)={{response}}"", ""response_containers"": [], ""symbols"": [""basic"", ""qwerty""], ""validation"": {""scoring_type"": ""exactMatch"", ""valid_response"": {""score"": 1, ""value"": [{""method"": ""equivSymbolic"", ""value"": ""\\frac{d}{dx}\\left(6x^{-3/2}\\right)=- 9x^{-5/2} "", ""options"": {""ignoreText"": true, ""decimalPlaces"": 10}}]}, ""alt_responses"": []}}","<p>To solve this problem, you will need to recall:<ul><li>The <b>extended power rule</b> for derivatives states that if $_f(x) = x^n$_, and $_n$_ is a non-zero real number, then$$\frac{d}{dx}f(x)= n x^{n-1}.$$</li><li>The <b>constant multiple rule</b> for derivatives states that the derivative of a constant times a function is equal to the constant times the derivative of the function. In math notation this means that if $_g(x) = cf(x)$_, where $_c$_ is a constant, then$$\frac{d}{dx}\left(g(x)\right) = c \frac{d}{dx}\left( f(x) \right).$$</li></ul></p><p>In this problem we are given $_f(x) = 6x^{-3/2}$_. We can use the constant rule to take the constant, $_6$_ outside of the derivative to find$$\begin{align}\frac{d}{dx} f(x) &= \frac{d}{dx} \left(6x^{-3/2}\right) \\[5pt]&= 6 \cdot \frac{d}{dx} \left(x^{ -3/2 }\right).\end{align}$$ </p><p>Using the power rule to differentiate $_x^{ -3/2 } $_ we have$$\begin{align}\frac{d}{dx} f(x) &= 6 \cdot \frac{d}{dx} \left(x^{ -3/2 }\right) \\[5pt]&= 6\left(- \frac{3}{2}x^{ -3/2 - 1 }\right) \\[5pt]&= - 9x^{-5/2}.\end{align}$$</p>",Knewton,http://www.knewton.com,CC_BY_NC_ND
,Y,Y,Extend the power rule to functions with rational exponents,Find the derivative of a function with negative exponents,LEA,Extend the power rule to functions with rational exponents,AB,,,Find $_\displaystyle \frac{d}{dx} \left(6x^{-2} - 5x^{-3/4}\right)$_. ,,,,,,,, ,"{""type"": ""formulaV2"", ""is_math"": true, ""ui_style"": {""type"": ""block-on-focus-keyboard""}, ""template"": "" "", ""response_containers"": [], ""symbols"": [""basic"", ""qwerty""], ""validation"": {""scoring_type"": ""exactMatch"", ""valid_response"": {""score"": 1, ""value"": [{""method"": ""equivSymbolic"", ""value"": "" "", ""options"": {""ignoreText"": true, ""decimalPlaces"": 10}}]}, ""alt_responses"": []}}","<p>To solve this problem, you will need to recall:<ul><li>The <b>sum and difference rules</b> for derivatives state that the derivative of the sum or difference of two functions is equal to the sum or difference of their derivative. In math notation this means that if $_h(x) = f(x)\pm g(x)$_, then$$\frac{d}{dx}(h(x))= \frac{d}{dx}(f(x))\pm\frac{d}{dx}(g(x)).$$</li><li>The <b>extended power rule</b> for derivatives states that if $_f(x) = x^n$_, where $_n$_ is a non-zero integer, then$$\frac{d}{dx}f(x)= n x^{n-1}.$$</li><li>The <b>constant multiple rule</b> for derivatives states that the derivative of a constant times a function is equal to the constant times the derivative of the function. In math notation this means that if $_g(x) = cf(x)$_, where $_c$_ is a constant, then$$\frac{d}{dx}\left(g(x)\right) = c \frac{d}{dx}\left( f(x) \right).$$</li></ul></p><p>Applying the sum and difference rules to the given function gives $$\begin{align}f(x) &= 6x^{-2} - 5x^{-3/4} \\[5pt] \frac{d}{dx}f(x) &= \frac{d}{dx}\left(6x^{-2} - 5x^{-3/4}\right)&= -\frac{d}{dx}\left(5x^{-3/4}\right)+\frac{d}{dx}\left(6x^{-2}\right)+\frac{d}{dx}\left(0\right)\end{align}$$ </p><p>Applying the constant rule to take the constants outside of the derivatives and using the fact that the derivative of a constant is zero, we have\end{align}$$</p>",Knewton,http://www.knewton.com,CC_BY_NC_ND
,Y,Y,Extend the power rule to functions with rational exponents,Find the derivative of a function with negative exponents,LEA,Extend the power rule to functions with rational exponents,AB,,,Find $_\displaystyle \frac{d}{dx} \left(-9 - 7x^{-1} - 4x^{-1/3}\right)$_. ,,,,,,,, ,"{""type"": ""formulaV2"", ""is_math"": true, ""ui_style"": {""type"": ""block-on-focus-keyboard""}, ""template"": "" "", ""response_containers"": [], ""symbols"": [""basic"", ""qwerty""], ""validation"": {""scoring_type"": ""exactMatch"", ""valid_response"": {""score"": 1, ""value"": [{""method"": ""equivSymbolic"", ""value"": "" "", ""options"": {""ignoreText"": true, ""decimalPlaces"": 10}}]}, ""alt_responses"": []}}","<p>To solve this problem, you will need to recall:<ul><li>The <b>sum and difference rules</b> for derivatives state that the derivative of the sum or difference of two functions is equal to the sum or difference of their derivative. In math notation this means that if $_h(x) = f(x)\pm g(x)$_, then$$\frac{d}{dx}(h(x))= \frac{d}{dx}(f(x))\pm\frac{d}{dx}(g(x)).$$</li><li>The <b>extended power rule</b> for derivatives states that if $_f(x) = x^n$_, where $_n$_ is a non-zero integer, then$$\frac{d}{dx}f(x)= n x^{n-1}.$$</li><li>The <b>constant multiple rule</b> for derivatives states that the derivative of a constant times a function is equal to the constant times the derivative of the function. In math notation this means that if $_g(x) = cf(x)$_, where $_c$_ is a constant, then$$\frac{d}{dx}\left(g(x)\right) = c \frac{d}{dx}\left( f(x) \right).$$</li></ul></p><p>Applying the sum and difference rules to the given function gives $$\begin{align}f(x) &= -9 - 7x^{-1} - 4x^{-1/3} \\[5pt] \frac{d}{dx}f(x) &= \frac{d}{dx}\left(-9 - 7x^{-1} - 4x^{-1/3}\right)&= -\frac{d}{dx}\left(4x^{-1/3}\right)-\frac{d}{dx}\left(7x^{-1}\right)-\frac{d}{dx}\left(9\right)\end{align}$$ </p><p>Applying the constant rule to take the constants outside of the derivatives and using the fact that the derivative of a constant is zero, we have\end{align}$$</p>",Knewton,http://www.knewton.com,CC_BY_NC_ND
,Y,Y,Extend the power rule to functions with rational exponents,Find the derivative of a function with negative exponents,LEA,Extend the power rule to functions with rational exponents,AB,,,Find $_\displaystyle \frac{d}{dx} \left(3 - 2x^{-5/8} - 2x^{-7/8}\right)$_. ,,,,,,,, ,"{""type"": ""formulaV2"", ""is_math"": true, ""ui_style"": {""type"": ""block-on-focus-keyboard""}, ""template"": "" "", ""response_containers"": [], ""symbols"": [""basic"", ""qwerty""], ""validation"": {""scoring_type"": ""exactMatch"", ""valid_response"": {""score"": 1, ""value"": [{""method"": ""equivSymbolic"", ""value"": "" "", ""options"": {""ignoreText"": true, ""decimalPlaces"": 10}}]}, ""alt_responses"": []}}","<p>To solve this problem, you will need to recall:<ul><li>The <b>sum and difference rules</b> for derivatives state that the derivative of the sum or difference of two functions is equal to the sum or difference of their derivative. In math notation this means that if $_h(x) = f(x)\pm g(x)$_, then$$\frac{d}{dx}(h(x))= \frac{d}{dx}(f(x))\pm\frac{d}{dx}(g(x)).$$</li><li>The <b>extended power rule</b> for derivatives states that if $_f(x) = x^n$_, where $_n$_ is a non-zero integer, then$$\frac{d}{dx}f(x)= n x^{n-1}.$$</li><li>The <b>constant multiple rule</b> for derivatives states that the derivative of a constant times a function is equal to the constant times the derivative of the function. In math notation this means that if $_g(x) = cf(x)$_, where $_c$_ is a constant, then$$\frac{d}{dx}\left(g(x)\right) = c \frac{d}{dx}\left( f(x) \right).$$</li></ul></p><p>Applying the sum and difference rules to the given function gives $$\begin{align}f(x) &= 3 - 2x^{-5/8} - 2x^{-7/8} \\[5pt] \frac{d}{dx}f(x) &= \frac{d}{dx}\left(3 - 2x^{-5/8} - 2x^{-7/8}\right)&= -\frac{d}{dx}\left(2x^{-7/8}\right)-\frac{d}{dx}\left(2x^{-5/8}\right)+\frac{d}{dx}\left(3\right)\end{align}$$ </p><p>Applying the constant rule to take the constants outside of the derivatives and using the fact that the derivative of a constant is zero, we have\end{align}$$</p>",Knewton,http://www.knewton.com,CC_BY_NC_ND
,Y,Y,Extend the power rule to functions with rational exponents,Find the derivative of a function with negative exponents,LEA,Extend the power rule to functions with rational exponents,AB,,,Find $_\displaystyle \frac{d}{dx} \left(- 8x^{2/9} - 1 + 4x^{-7/4}\right)$_. ,,,,,,,, ,"{""type"": ""formulaV2"", ""is_math"": true, ""ui_style"": {""type"": ""block-on-focus-keyboard""}, ""template"": "" "", ""response_containers"": [], ""symbols"": [""basic"", ""qwerty""], ""validation"": {""scoring_type"": ""exactMatch"", ""valid_response"": {""score"": 1, ""value"": [{""method"": ""equivSymbolic"", ""value"": "" "", ""options"": {""ignoreText"": true, ""decimalPlaces"": 10}}]}, ""alt_responses"": []}}","<p>To solve this problem, you will need to recall:<ul><li>The <b>sum and difference rules</b> for derivatives state that the derivative of the sum or difference of two functions is equal to the sum or difference of their derivative. In math notation this means that if $_h(x) = f(x)\pm g(x)$_, then$$\frac{d}{dx}(h(x))= \frac{d}{dx}(f(x))\pm\frac{d}{dx}(g(x)).$$</li><li>The <b>extended power rule</b> for derivatives states that if $_f(x) = x^n$_, where $_n$_ is a non-zero integer, then$$\frac{d}{dx}f(x)= n x^{n-1}.$$</li><li>The <b>constant multiple rule</b> for derivatives states that the derivative of a constant times a function is equal to the constant times the derivative of the function. In math notation this means that if $_g(x) = cf(x)$_, where $_c$_ is a constant, then$$\frac{d}{dx}\left(g(x)\right) = c \frac{d}{dx}\left( f(x) \right).$$</li></ul></p><p>Applying the sum and difference rules to the given function gives $$\begin{align}f(x) &= - 8x^{2/9} - 1 + 4x^{-7/4} \\[5pt] \frac{d}{dx}f(x) &= \frac{d}{dx}\left(- 8x^{2/9} - 1 + 4x^{-7/4}\right)&= -\frac{d}{dx}\left(8x^{2/9}\right)+\frac{d}{dx}\left(4x^{-7/4}\right)-\frac{d}{dx}\left(1\right)\end{align}$$ </p><p>Applying the constant rule to take the constants outside of the derivatives and using the fact that the derivative of a constant is zero, we have\end{align}$$</p>",Knewton,http://www.knewton.com,CC_BY_NC_ND
,Y,Y,Extend the power rule to functions with rational exponents,Find the derivative of a function with negative exponents,LEA,Extend the power rule to functions with rational exponents,AB,,,Find $_\displaystyle \frac{d}{dx} \left(- 10x^{1/9} - 5\right)$_. ,,,,,,,, ,"{""type"": ""formulaV2"", ""is_math"": true, ""ui_style"": {""type"": ""block-on-focus-keyboard""}, ""template"": "" "", ""response_containers"": [], ""symbols"": [""basic"", ""qwerty""], ""validation"": {""scoring_type"": ""exactMatch"", ""valid_response"": {""score"": 1, ""value"": [{""method"": ""equivSymbolic"", ""value"": "" "", ""options"": {""ignoreText"": true, ""decimalPlaces"": 10}}]}, ""alt_responses"": []}}","<p>To solve this problem, you will need to recall:<ul><li>The <b>sum and difference rules</b> for derivatives state that the derivative of the sum or difference of two functions is equal to the sum or difference of their derivative. In math notation this means that if $_h(x) = f(x)\pm g(x)$_, then$$\frac{d}{dx}(h(x))= \frac{d}{dx}(f(x))\pm\frac{d}{dx}(g(x)).$$</li><li>The <b>extended power rule</b> for derivatives states that if $_f(x) = x^n$_, where $_n$_ is a non-zero integer, then$$\frac{d}{dx}f(x)= n x^{n-1}.$$</li><li>The <b>constant multiple rule</b> for derivatives states that the derivative of a constant times a function is equal to the constant times the derivative of the function. In math notation this means that if $_g(x) = cf(x)$_, where $_c$_ is a constant, then$$\frac{d}{dx}\left(g(x)\right) = c \frac{d}{dx}\left( f(x) \right).$$</li></ul></p><p>Applying the sum and difference rules to the given function gives $$\begin{align}f(x) &= - 10x^{1/9} - 5 \\[5pt] \frac{d}{dx}f(x) &= \frac{d}{dx}\left(- 10x^{1/9} - 5\right)&= -\frac{d}{dx}\left(10x^{1/9}\right)+\frac{d}{dx}\left(0\right)-\frac{d}{dx}\left(5\right)\end{align}$$ </p><p>Applying the constant rule to take the constants outside of the derivatives and using the fact that the derivative of a constant is zero, we have\end{align}$$</p>",Knewton,http://www.knewton.com,CC_BY_NC_ND
,Y,Y,Extend the power rule to functions with rational exponents,Find the derivative of a function with negative exponents,LEA,Extend the power rule to functions with rational exponents,AB,,,Find $_\displaystyle \frac{d}{dx} \left(2x^{1/8} + 3 + 3x^{-4/7}\right)$_. ,,,,,,,, ,"{""type"": ""formulaV2"", ""is_math"": true, ""ui_style"": {""type"": ""block-on-focus-keyboard""}, ""template"": "" "", ""response_containers"": [], ""symbols"": [""basic"", ""qwerty""], ""validation"": {""scoring_type"": ""exactMatch"", ""valid_response"": {""score"": 1, ""value"": [{""method"": ""equivSymbolic"", ""value"": "" "", ""options"": {""ignoreText"": true, ""decimalPlaces"": 10}}]}, ""alt_responses"": []}}","<p>To solve this problem, you will need to recall:<ul><li>The <b>sum and difference rules</b> for derivatives state that the derivative of the sum or difference of two functions is equal to the sum or difference of their derivative. In math notation this means that if $_h(x) = f(x)\pm g(x)$_, then$$\frac{d}{dx}(h(x))= \frac{d}{dx}(f(x))\pm\frac{d}{dx}(g(x)).$$</li><li>The <b>extended power rule</b> for derivatives states that if $_f(x) = x^n$_, where $_n$_ is a non-zero integer, then$$\frac{d}{dx}f(x)= n x^{n-1}.$$</li><li>The <b>constant multiple rule</b> for derivatives states that the derivative of a constant times a function is equal to the constant times the derivative of the function. In math notation this means that if $_g(x) = cf(x)$_, where $_c$_ is a constant, then$$\frac{d}{dx}\left(g(x)\right) = c \frac{d}{dx}\left( f(x) \right).$$</li></ul></p><p>Applying the sum and difference rules to the given function gives $$\begin{align}f(x) &= 2x^{1/8} + 3 + 3x^{-4/7} \\[5pt] \frac{d}{dx}f(x) &= \frac{d}{dx}\left(2x^{1/8} + 3 + 3x^{-4/7}\right)&= \frac{d}{dx}\left(2x^{1/8}\right)+\frac{d}{dx}\left(3x^{-4/7}\right)+\frac{d}{dx}\left(3\right)\end{align}$$ </p><p>Applying the constant rule to take the constants outside of the derivatives and using the fact that the derivative of a constant is zero, we have\end{align}$$</p>",Knewton,http://www.knewton.com,CC_BY_NC_ND
,Y,Y,Extend the power rule to functions with rational exponents,Find the derivative of a function with negative exponents,LEA,Extend the power rule to functions with rational exponents,AB,,,Find $_\displaystyle \frac{d}{dx} \left(-3 + 8x^{-1} - 9x^{-1/3}\right)$_. ,,,,,,,, ,"{""type"": ""formulaV2"", ""is_math"": true, ""ui_style"": {""type"": ""block-on-focus-keyboard""}, ""template"": "" "", ""response_containers"": [], ""symbols"": [""basic"", ""qwerty""], ""validation"": {""scoring_type"": ""exactMatch"", ""valid_response"": {""score"": 1, ""value"": [{""method"": ""equivSymbolic"", ""value"": "" "", ""options"": {""ignoreText"": true, ""decimalPlaces"": 10}}]}, ""alt_responses"": []}}","<p>To solve this problem, you will need to recall:<ul><li>The <b>sum and difference rules</b> for derivatives state that the derivative of the sum or difference of two functions is equal to the sum or difference of their derivative. In math notation this means that if $_h(x) = f(x)\pm g(x)$_, then$$\frac{d}{dx}(h(x))= \frac{d}{dx}(f(x))\pm\frac{d}{dx}(g(x)).$$</li><li>The <b>extended power rule</b> for derivatives states that if $_f(x) = x^n$_, where $_n$_ is a non-zero integer, then$$\frac{d}{dx}f(x)= n x^{n-1}.$$</li><li>The <b>constant multiple rule</b> for derivatives states that the derivative of a constant times a function is equal to the constant times the derivative of the function. In math notation this means that if $_g(x) = cf(x)$_, where $_c$_ is a constant, then$$\frac{d}{dx}\left(g(x)\right) = c \frac{d}{dx}\left( f(x) \right).$$</li></ul></p><p>Applying the sum and difference rules to the given function gives $$\begin{align}f(x) &= -3 + 8x^{-1} - 9x^{-1/3} \\[5pt] \frac{d}{dx}f(x) &= \frac{d}{dx}\left(-3 + 8x^{-1} - 9x^{-1/3}\right)&= -\frac{d}{dx}\left(9x^{-1/3}\right)+\frac{d}{dx}\left(8x^{-1}\right)-\frac{d}{dx}\left(3\right)\end{align}$$ </p><p>Applying the constant rule to take the constants outside of the derivatives and using the fact that the derivative of a constant is zero, we have\end{align}$$</p>",Knewton,http://www.knewton.com,CC_BY_NC_ND
,Y,Y,Extend the power rule to functions with rational exponents,Find the derivative of a function with negative exponents,LEA,Extend the power rule to functions with rational exponents,AB,,,Find $_\displaystyle \frac{d}{dx} \left(3x^{1/2} + 9 + 5x^{-3/4}\right)$_. ,,,,,,,, ,"{""type"": ""formulaV2"", ""is_math"": true, ""ui_style"": {""type"": ""block-on-focus-keyboard""}, ""template"": "" "", ""response_containers"": [], ""symbols"": [""basic"", ""qwerty""], ""validation"": {""scoring_type"": ""exactMatch"", ""valid_response"": {""score"": 1, ""value"": [{""method"": ""equivSymbolic"", ""value"": "" "", ""options"": {""ignoreText"": true, ""decimalPlaces"": 10}}]}, ""alt_responses"": []}}","<p>To solve this problem, you will need to recall:<ul><li>The <b>sum and difference rules</b> for derivatives state that the derivative of the sum or difference of two functions is equal to the sum or difference of their derivative. In math notation this means that if $_h(x) = f(x)\pm g(x)$_, then$$\frac{d}{dx}(h(x))= \frac{d}{dx}(f(x))\pm\frac{d}{dx}(g(x)).$$</li><li>The <b>extended power rule</b> for derivatives states that if $_f(x) = x^n$_, where $_n$_ is a non-zero integer, then$$\frac{d}{dx}f(x)= n x^{n-1}.$$</li><li>The <b>constant multiple rule</b> for derivatives states that the derivative of a constant times a function is equal to the constant times the derivative of the function. In math notation this means that if $_g(x) = cf(x)$_, where $_c$_ is a constant, then$$\frac{d}{dx}\left(g(x)\right) = c \frac{d}{dx}\left( f(x) \right).$$</li></ul></p><p>Applying the sum and difference rules to the given function gives $$\begin{align}f(x) &= 3x^{1/2} + 9 + 5x^{-3/4} \\[5pt] \frac{d}{dx}f(x) &= \frac{d}{dx}\left(3x^{1/2} + 9 + 5x^{-3/4}\right)&= \frac{d}{dx}\left(3x^{1/2}\right)+\frac{d}{dx}\left(5x^{-3/4}\right)+\frac{d}{dx}\left(9\right)\end{align}$$ </p><p>Applying the constant rule to take the constants outside of the derivatives and using the fact that the derivative of a constant is zero, we have\end{align}$$</p>",Knewton,http://www.knewton.com,CC_BY_NC_ND
,Y,Y,Extend the power rule to functions with rational exponents,Find the derivative of a function with negative exponents,LEA,Extend the power rule to functions with rational exponents,AB,,,Find $_\displaystyle \frac{d}{dx} \left(- 3x^{1/3} - 1 - 6x^{-2/9}\right)$_. ,,,,,,,, ,"{""type"": ""formulaV2"", ""is_math"": true, ""ui_style"": {""type"": ""block-on-focus-keyboard""}, ""template"": "" "", ""response_containers"": [], ""symbols"": [""basic"", ""qwerty""], ""validation"": {""scoring_type"": ""exactMatch"", ""valid_response"": {""score"": 1, ""value"": [{""method"": ""equivSymbolic"", ""value"": "" "", ""options"": {""ignoreText"": true, ""decimalPlaces"": 10}}]}, ""alt_responses"": []}}","<p>To solve this problem, you will need to recall:<ul><li>The <b>sum and difference rules</b> for derivatives state that the derivative of the sum or difference of two functions is equal to the sum or difference of their derivative. In math notation this means that if $_h(x) = f(x)\pm g(x)$_, then$$\frac{d}{dx}(h(x))= \frac{d}{dx}(f(x))\pm\frac{d}{dx}(g(x)).$$</li><li>The <b>extended power rule</b> for derivatives states that if $_f(x) = x^n$_, where $_n$_ is a non-zero integer, then$$\frac{d}{dx}f(x)= n x^{n-1}.$$</li><li>The <b>constant multiple rule</b> for derivatives states that the derivative of a constant times a function is equal to the constant times the derivative of the function. In math notation this means that if $_g(x) = cf(x)$_, where $_c$_ is a constant, then$$\frac{d}{dx}\left(g(x)\right) = c \frac{d}{dx}\left( f(x) \right).$$</li></ul></p><p>Applying the sum and difference rules to the given function gives $$\begin{align}f(x) &= - 3x^{1/3} - 1 - 6x^{-2/9} \\[5pt] \frac{d}{dx}f(x) &= \frac{d}{dx}\left(- 3x^{1/3} - 1 - 6x^{-2/9}\right)&= -\frac{d}{dx}\left(3x^{1/3}\right)-\frac{d}{dx}\left(6x^{-2/9}\right)-\frac{d}{dx}\left(1\right)\end{align}$$ </p><p>Applying the constant rule to take the constants outside of the derivatives and using the fact that the derivative of a constant is zero, we have\end{align}$$</p>",Knewton,http://www.knewton.com,CC_BY_NC_ND
,Y,Y,Extend the power rule to functions with rational exponents,Find the derivative of a function with negative exponents,LEA,Extend the power rule to functions with rational exponents,AB,,,Find $_\displaystyle \frac{d}{dx} \left(-2 - 9x^{-3/4}\right)$_. ,,,,,,,, ,"{""type"": ""formulaV2"", ""is_math"": true, ""ui_style"": {""type"": ""block-on-focus-keyboard""}, ""template"": "" "", ""response_containers"": [], ""symbols"": [""basic"", ""qwerty""], ""validation"": {""scoring_type"": ""exactMatch"", ""valid_response"": {""score"": 1, ""value"": [{""method"": ""equivSymbolic"", ""value"": "" "", ""options"": {""ignoreText"": true, ""decimalPlaces"": 10}}]}, ""alt_responses"": []}}","<p>To solve this problem, you will need to recall:<ul><li>The <b>sum and difference rules</b> for derivatives state that the derivative of the sum or difference of two functions is equal to the sum or difference of their derivative. In math notation this means that if $_h(x) = f(x)\pm g(x)$_, then$$\frac{d}{dx}(h(x))= \frac{d}{dx}(f(x))\pm\frac{d}{dx}(g(x)).$$</li><li>The <b>extended power rule</b> for derivatives states that if $_f(x) = x^n$_, where $_n$_ is a non-zero integer, then$$\frac{d}{dx}f(x)= n x^{n-1}.$$</li><li>The <b>constant multiple rule</b> for derivatives states that the derivative of a constant times a function is equal to the constant times the derivative of the function. In math notation this means that if $_g(x) = cf(x)$_, where $_c$_ is a constant, then$$\frac{d}{dx}\left(g(x)\right) = c \frac{d}{dx}\left( f(x) \right).$$</li></ul></p><p>Applying the sum and difference rules to the given function gives $$\begin{align}f(x) &= -2 - 9x^{-3/4} \\[5pt] \frac{d}{dx}f(x) &= \frac{d}{dx}\left(-2 - 9x^{-3/4}\right)&= -\frac{d}{dx}\left(9x^{-3/4}\right)+\frac{d}{dx}\left(0\right)-\frac{d}{dx}\left(2\right)\end{align}$$ </p><p>Applying the constant rule to take the constants outside of the derivatives and using the fact that the derivative of a constant is zero, we have\end{align}$$</p>",Knewton,http://www.knewton.com,CC_BY_NC_ND
,Y,Y,Extend the power rule to functions with rational exponents,Find the derivative of a function with negative exponents,LEA,Extend the power rule to functions with rational exponents,AB,,,Find $_\displaystyle \frac{d}{dx} \left(9 - 5x^{-1/6} - 5x^{-1/7}\right)$_. ,,,,,,,, ,"{""type"": ""formulaV2"", ""is_math"": true, ""ui_style"": {""type"": ""block-on-focus-keyboard""}, ""template"": "" "", ""response_containers"": [], ""symbols"": [""basic"", ""qwerty""], ""validation"": {""scoring_type"": ""exactMatch"", ""valid_response"": {""score"": 1, ""value"": [{""method"": ""equivSymbolic"", ""value"": "" "", ""options"": {""ignoreText"": true, ""decimalPlaces"": 10}}]}, ""alt_responses"": []}}","<p>To solve this problem, you will need to recall:<ul><li>The <b>sum and difference rules</b> for derivatives state that the derivative of the sum or difference of two functions is equal to the sum or difference of their derivative. In math notation this means that if $_h(x) = f(x)\pm g(x)$_, then$$\frac{d}{dx}(h(x))= \frac{d}{dx}(f(x))\pm\frac{d}{dx}(g(x)).$$</li><li>The <b>extended power rule</b> for derivatives states that if $_f(x) = x^n$_, where $_n$_ is a non-zero integer, then$$\frac{d}{dx}f(x)= n x^{n-1}.$$</li><li>The <b>constant multiple rule</b> for derivatives states that the derivative of a constant times a function is equal to the constant times the derivative of the function. In math notation this means that if $_g(x) = cf(x)$_, where $_c$_ is a constant, then$$\frac{d}{dx}\left(g(x)\right) = c \frac{d}{dx}\left( f(x) \right).$$</li></ul></p><p>Applying the sum and difference rules to the given function gives $$\begin{align}f(x) &= 9 - 5x^{-1/6} - 5x^{-1/7} \\[5pt] \frac{d}{dx}f(x) &= \frac{d}{dx}\left(9 - 5x^{-1/6} - 5x^{-1/7}\right)&= -\frac{d}{dx}\left(5x^{-1/6}\right)-\frac{d}{dx}\left(5x^{-1/7}\right)+\frac{d}{dx}\left(9\right)\end{align}$$ </p><p>Applying the constant rule to take the constants outside of the derivatives and using the fact that the derivative of a constant is zero, we have\end{align}$$</p>",Knewton,http://www.knewton.com,CC_BY_NC_ND
,Y,Y,Extend the power rule to functions with rational exponents,Find the derivative of a function with negative exponents,LEA,Extend the power rule to functions with rational exponents,AB,,,Find $_\displaystyle \frac{d}{dx} \left(- 8x^{1/7} + 6 - 8x^{-4/3}\right)$_. ,,,,,,,, ,"{""type"": ""formulaV2"", ""is_math"": true, ""ui_style"": {""type"": ""block-on-focus-keyboard""}, ""template"": "" "", ""response_containers"": [], ""symbols"": [""basic"", ""qwerty""], ""validation"": {""scoring_type"": ""exactMatch"", ""valid_response"": {""score"": 1, ""value"": [{""method"": ""equivSymbolic"", ""value"": "" "", ""options"": {""ignoreText"": true, ""decimalPlaces"": 10}}]}, ""alt_responses"": []}}","<p>To solve this problem, you will need to recall:<ul><li>The <b>sum and difference rules</b> for derivatives state that the derivative of the sum or difference of two functions is equal to the sum or difference of their derivative. In math notation this means that if $_h(x) = f(x)\pm g(x)$_, then$$\frac{d}{dx}(h(x))= \frac{d}{dx}(f(x))\pm\frac{d}{dx}(g(x)).$$</li><li>The <b>extended power rule</b> for derivatives states that if $_f(x) = x^n$_, where $_n$_ is a non-zero integer, then$$\frac{d}{dx}f(x)= n x^{n-1}.$$</li><li>The <b>constant multiple rule</b> for derivatives states that the derivative of a constant times a function is equal to the constant times the derivative of the function. In math notation this means that if $_g(x) = cf(x)$_, where $_c$_ is a constant, then$$\frac{d}{dx}\left(g(x)\right) = c \frac{d}{dx}\left( f(x) \right).$$</li></ul></p><p>Applying the sum and difference rules to the given function gives $$\begin{align}f(x) &= - 8x^{1/7} + 6 - 8x^{-4/3} \\[5pt] \frac{d}{dx}f(x) &= \frac{d}{dx}\left(- 8x^{1/7} + 6 - 8x^{-4/3}\right)&= -\frac{d}{dx}\left(8x^{1/7}\right)-\frac{d}{dx}\left(8x^{-4/3}\right)+\frac{d}{dx}\left(6\right)\end{align}$$ </p><p>Applying the constant rule to take the constants outside of the derivatives and using the fact that the derivative of a constant is zero, we have\end{align}$$</p>",Knewton,http://www.knewton.com,CC_BY_NC_ND
,Y,Y,Extend the power rule to functions with rational exponents,Find the derivative of a function with negative exponents,LEA,Extend the power rule to functions with rational exponents,AB,,,Find $_\displaystyle \frac{d}{dx} \left(-5 + 2x^{-1/3} - 10x^{-1/8}\right)$_. ,,,,,,,, ,"{""type"": ""formulaV2"", ""is_math"": true, ""ui_style"": {""type"": ""block-on-focus-keyboard""}, ""template"": "" "", ""response_containers"": [], ""symbols"": [""basic"", ""qwerty""], ""validation"": {""scoring_type"": ""exactMatch"", ""valid_response"": {""score"": 1, ""value"": [{""method"": ""equivSymbolic"", ""value"": "" "", ""options"": {""ignoreText"": true, ""decimalPlaces"": 10}}]}, ""alt_responses"": []}}","<p>To solve this problem, you will need to recall:<ul><li>The <b>sum and difference rules</b> for derivatives state that the derivative of the sum or difference of two functions is equal to the sum or difference of their derivative. In math notation this means that if $_h(x) = f(x)\pm g(x)$_, then$$\frac{d}{dx}(h(x))= \frac{d}{dx}(f(x))\pm\frac{d}{dx}(g(x)).$$</li><li>The <b>extended power rule</b> for derivatives states that if $_f(x) = x^n$_, where $_n$_ is a non-zero integer, then$$\frac{d}{dx}f(x)= n x^{n-1}.$$</li><li>The <b>constant multiple rule</b> for derivatives states that the derivative of a constant times a function is equal to the constant times the derivative of the function. In math notation this means that if $_g(x) = cf(x)$_, where $_c$_ is a constant, then$$\frac{d}{dx}\left(g(x)\right) = c \frac{d}{dx}\left( f(x) \right).$$</li></ul></p><p>Applying the sum and difference rules to the given function gives $$\begin{align}f(x) &= -5 + 2x^{-1/3} - 10x^{-1/8} \\[5pt] \frac{d}{dx}f(x) &= \frac{d}{dx}\left(-5 + 2x^{-1/3} - 10x^{-1/8}\right)&= -\frac{d}{dx}\left(10x^{-1/8}\right)+\frac{d}{dx}\left(2x^{-1/3}\right)-\frac{d}{dx}\left(5\right)\end{align}$$ </p><p>Applying the constant rule to take the constants outside of the derivatives and using the fact that the derivative of a constant is zero, we have\end{align}$$</p>",Knewton,http://www.knewton.com,CC_BY_NC_ND
,Y,Y,Extend the power rule to functions with rational exponents,Find the derivative of a function with negative exponents,LEA,Extend the power rule to functions with rational exponents,AB,,,Find $_\displaystyle \frac{d}{dx} \left(9 + 5x^{-1/4} + 5x^{-9/7}\right)$_. ,,,,,,,, ,"{""type"": ""formulaV2"", ""is_math"": true, ""ui_style"": {""type"": ""block-on-focus-keyboard""}, ""template"": "" "", ""response_containers"": [], ""symbols"": [""basic"", ""qwerty""], ""validation"": {""scoring_type"": ""exactMatch"", ""valid_response"": {""score"": 1, ""value"": [{""method"": ""equivSymbolic"", ""value"": "" "", ""options"": {""ignoreText"": true, ""decimalPlaces"": 10}}]}, ""alt_responses"": []}}","<p>To solve this problem, you will need to recall:<ul><li>The <b>sum and difference rules</b> for derivatives state that the derivative of the sum or difference of two functions is equal to the sum or difference of their derivative. In math notation this means that if $_h(x) = f(x)\pm g(x)$_, then$$\frac{d}{dx}(h(x))= \frac{d}{dx}(f(x))\pm\frac{d}{dx}(g(x)).$$</li><li>The <b>extended power rule</b> for derivatives states that if $_f(x) = x^n$_, where $_n$_ is a non-zero integer, then$$\frac{d}{dx}f(x)= n x^{n-1}.$$</li><li>The <b>constant multiple rule</b> for derivatives states that the derivative of a constant times a function is equal to the constant times the derivative of the function. In math notation this means that if $_g(x) = cf(x)$_, where $_c$_ is a constant, then$$\frac{d}{dx}\left(g(x)\right) = c \frac{d}{dx}\left( f(x) \right).$$</li></ul></p><p>Applying the sum and difference rules to the given function gives $$\begin{align}f(x) &= 9 + 5x^{-1/4} + 5x^{-9/7} \\[5pt] \frac{d}{dx}f(x) &= \frac{d}{dx}\left(9 + 5x^{-1/4} + 5x^{-9/7}\right)&= \frac{d}{dx}\left(5x^{-1/4}\right)+\frac{d}{dx}\left(5x^{-9/7}\right)+\frac{d}{dx}\left(9\right)\end{align}$$ </p><p>Applying the constant rule to take the constants outside of the derivatives and using the fact that the derivative of a constant is zero, we have\end{align}$$</p>",Knewton,http://www.knewton.com,CC_BY_NC_ND
,Y,Y,Extend the power rule to functions with rational exponents,Find the derivative of a function with negative exponents,LEA,Extend the power rule to functions with rational exponents,AB,,,Find $_\displaystyle \frac{d}{dx} \left(-5 + 10x^{-1/2} - 6x^{-1/7}\right)$_. ,,,,,,,, ,"{""type"": ""formulaV2"", ""is_math"": true, ""ui_style"": {""type"": ""block-on-focus-keyboard""}, ""template"": "" "", ""response_containers"": [], ""symbols"": [""basic"", ""qwerty""], ""validation"": {""scoring_type"": ""exactMatch"", ""valid_response"": {""score"": 1, ""value"": [{""method"": ""equivSymbolic"", ""value"": "" "", ""options"": {""ignoreText"": true, ""decimalPlaces"": 10}}]}, ""alt_responses"": []}}","<p>To solve this problem, you will need to recall:<ul><li>The <b>sum and difference rules</b> for derivatives state that the derivative of the sum or difference of two functions is equal to the sum or difference of their derivative. In math notation this means that if $_h(x) = f(x)\pm g(x)$_, then$$\frac{d}{dx}(h(x))= \frac{d}{dx}(f(x))\pm\frac{d}{dx}(g(x)).$$</li><li>The <b>extended power rule</b> for derivatives states that if $_f(x) = x^n$_, where $_n$_ is a non-zero integer, then$$\frac{d}{dx}f(x)= n x^{n-1}.$$</li><li>The <b>constant multiple rule</b> for derivatives states that the derivative of a constant times a function is equal to the constant times the derivative of the function. In math notation this means that if $_g(x) = cf(x)$_, where $_c$_ is a constant, then$$\frac{d}{dx}\left(g(x)\right) = c \frac{d}{dx}\left( f(x) \right).$$</li></ul></p><p>Applying the sum and difference rules to the given function gives $$\begin{align}f(x) &= -5 + 10x^{-1/2} - 6x^{-1/7} \\[5pt] \frac{d}{dx}f(x) &= \frac{d}{dx}\left(-5 + 10x^{-1/2} - 6x^{-1/7}\right)&= \frac{d}{dx}\left(10x^{-1/2}\right)-\frac{d}{dx}\left(6x^{-1/7}\right)-\frac{d}{dx}\left(5\right)\end{align}$$ </p><p>Applying the constant rule to take the constants outside of the derivatives and using the fact that the derivative of a constant is zero, we have\end{align}$$</p>",Knewton,http://www.knewton.com,CC_BY_NC_ND
,Y,Y,Extend the power rule to functions with rational exponents,Find the derivative of a function with negative exponents,LEA,Extend the power rule to functions with rational exponents,AB,,,Find $_\displaystyle \frac{d}{dx} \left(- 6x^{4} - 5 - 7x^{-1/2}\right)$_. ,,,,,,,, ,"{""type"": ""formulaV2"", ""is_math"": true, ""ui_style"": {""type"": ""block-on-focus-keyboard""}, ""template"": "" "", ""response_containers"": [], ""symbols"": [""basic"", ""qwerty""], ""validation"": {""scoring_type"": ""exactMatch"", ""valid_response"": {""score"": 1, ""value"": [{""method"": ""equivSymbolic"", ""value"": "" "", ""options"": {""ignoreText"": true, ""decimalPlaces"": 10}}]}, ""alt_responses"": []}}","<p>To solve this problem, you will need to recall:<ul><li>The <b>sum and difference rules</b> for derivatives state that the derivative of the sum or difference of two functions is equal to the sum or difference of their derivative. In math notation this means that if $_h(x) = f(x)\pm g(x)$_, then$$\frac{d}{dx}(h(x))= \frac{d}{dx}(f(x))\pm\frac{d}{dx}(g(x)).$$</li><li>The <b>extended power rule</b> for derivatives states that if $_f(x) = x^n$_, where $_n$_ is a non-zero integer, then$$\frac{d}{dx}f(x)= n x^{n-1}.$$</li><li>The <b>constant multiple rule</b> for derivatives states that the derivative of a constant times a function is equal to the constant times the derivative of the function. In math notation this means that if $_g(x) = cf(x)$_, where $_c$_ is a constant, then$$\frac{d}{dx}\left(g(x)\right) = c \frac{d}{dx}\left( f(x) \right).$$</li></ul></p><p>Applying the sum and difference rules to the given function gives $$\begin{align}f(x) &= - 6x^{4} - 5 - 7x^{-1/2} \\[5pt] \frac{d}{dx}f(x) &= \frac{d}{dx}\left(- 6x^{4} - 5 - 7x^{-1/2}\right)&= -\frac{d}{dx}\left(6x^{4}\right)-\frac{d}{dx}\left(7x^{-1/2}\right)-\frac{d}{dx}\left(5\right)\end{align}$$ </p><p>Applying the constant rule to take the constants outside of the derivatives and using the fact that the derivative of a constant is zero, we have\end{align}$$</p>",Knewton,http://www.knewton.com,CC_BY_NC_ND
,Y,Y,Extend the power rule to functions with rational exponents,Find the derivative of a function with negative exponents,LEA,Extend the power rule to functions with rational exponents,AB,,,Find $_\displaystyle \frac{d}{dx} \left(- 6x^{2/3} - 4x^{-1/2}\right)$_. ,,,,,,,, ,"{""type"": ""formulaV2"", ""is_math"": true, ""ui_style"": {""type"": ""block-on-focus-keyboard""}, ""template"": "" "", ""response_containers"": [], ""symbols"": [""basic"", ""qwerty""], ""validation"": {""scoring_type"": ""exactMatch"", ""valid_response"": {""score"": 1, ""value"": [{""method"": ""equivSymbolic"", ""value"": "" "", ""options"": {""ignoreText"": true, ""decimalPlaces"": 10}}]}, ""alt_responses"": []}}","<p>To solve this problem, you will need to recall:<ul><li>The <b>sum and difference rules</b> for derivatives state that the derivative of the sum or difference of two functions is equal to the sum or difference of their derivative. In math notation this means that if $_h(x) = f(x)\pm g(x)$_, then$$\frac{d}{dx}(h(x))= \frac{d}{dx}(f(x))\pm\frac{d}{dx}(g(x)).$$</li><li>The <b>extended power rule</b> for derivatives states that if $_f(x) = x^n$_, where $_n$_ is a non-zero integer, then$$\frac{d}{dx}f(x)= n x^{n-1}.$$</li><li>The <b>constant multiple rule</b> for derivatives states that the derivative of a constant times a function is equal to the constant times the derivative of the function. In math notation this means that if $_g(x) = cf(x)$_, where $_c$_ is a constant, then$$\frac{d}{dx}\left(g(x)\right) = c \frac{d}{dx}\left( f(x) \right).$$</li></ul></p><p>Applying the sum and difference rules to the given function gives $$\begin{align}f(x) &= - 6x^{2/3} - 4x^{-1/2} \\[5pt] \frac{d}{dx}f(x) &= \frac{d}{dx}\left(- 6x^{2/3} - 4x^{-1/2}\right)&= -\frac{d}{dx}\left(6x^{2/3}\right)-\frac{d}{dx}\left(4x^{-1/2}\right)+\frac{d}{dx}\left(0\right)\end{align}$$ </p><p>Applying the constant rule to take the constants outside of the derivatives and using the fact that the derivative of a constant is zero, we have\end{align}$$</p>",Knewton,http://www.knewton.com,CC_BY_NC_ND
,Y,Y,Extend the power rule to functions with rational exponents,Find the derivative of a function with negative exponents,LEA,Extend the power rule to functions with rational exponents,AB,,,Find $_\displaystyle \frac{d}{dx} \left(5 - 6x^{-1} - 5x^{-2/9}\right)$_. ,,,,,,,, ,"{""type"": ""formulaV2"", ""is_math"": true, ""ui_style"": {""type"": ""block-on-focus-keyboard""}, ""template"": "" "", ""response_containers"": [], ""symbols"": [""basic"", ""qwerty""], ""validation"": {""scoring_type"": ""exactMatch"", ""valid_response"": {""score"": 1, ""value"": [{""method"": ""equivSymbolic"", ""value"": "" "", ""options"": {""ignoreText"": true, ""decimalPlaces"": 10}}]}, ""alt_responses"": []}}","<p>To solve this problem, you will need to recall:<ul><li>The <b>sum and difference rules</b> for derivatives state that the derivative of the sum or difference of two functions is equal to the sum or difference of their derivative. In math notation this means that if $_h(x) = f(x)\pm g(x)$_, then$$\frac{d}{dx}(h(x))= \frac{d}{dx}(f(x))\pm\frac{d}{dx}(g(x)).$$</li><li>The <b>extended power rule</b> for derivatives states that if $_f(x) = x^n$_, where $_n$_ is a non-zero integer, then$$\frac{d}{dx}f(x)= n x^{n-1}.$$</li><li>The <b>constant multiple rule</b> for derivatives states that the derivative of a constant times a function is equal to the constant times the derivative of the function. In math notation this means that if $_g(x) = cf(x)$_, where $_c$_ is a constant, then$$\frac{d}{dx}\left(g(x)\right) = c \frac{d}{dx}\left( f(x) \right).$$</li></ul></p><p>Applying the sum and difference rules to the given function gives $$\begin{align}f(x) &= 5 - 6x^{-1} - 5x^{-2/9} \\[5pt] \frac{d}{dx}f(x) &= \frac{d}{dx}\left(5 - 6x^{-1} - 5x^{-2/9}\right)&= -\frac{d}{dx}\left(5x^{-2/9}\right)-\frac{d}{dx}\left(6x^{-1}\right)+\frac{d}{dx}\left(5\right)\end{align}$$ </p><p>Applying the constant rule to take the constants outside of the derivatives and using the fact that the derivative of a constant is zero, we have\end{align}$$</p>",Knewton,http://www.knewton.com,CC_BY_NC_ND
,Y,Y,Extend the power rule to functions with rational exponents,Find the derivative of a function with negative exponents,LEA,Extend the power rule to functions with rational exponents,AB,,,Find $_\displaystyle \frac{d}{dx} \left(- 9x + 5x^{-6/7}\right)$_. ,,,,,,,, ,"{""type"": ""formulaV2"", ""is_math"": true, ""ui_style"": {""type"": ""block-on-focus-keyboard""}, ""template"": "" "", ""response_containers"": [], ""symbols"": [""basic"", ""qwerty""], ""validation"": {""scoring_type"": ""exactMatch"", ""valid_response"": {""score"": 1, ""value"": [{""method"": ""equivSymbolic"", ""value"": "" "", ""options"": {""ignoreText"": true, ""decimalPlaces"": 10}}]}, ""alt_responses"": []}}","<p>To solve this problem, you will need to recall:<ul><li>The <b>sum and difference rules</b> for derivatives state that the derivative of the sum or difference of two functions is equal to the sum or difference of their derivative. In math notation this means that if $_h(x) = f(x)\pm g(x)$_, then$$\frac{d}{dx}(h(x))= \frac{d}{dx}(f(x))\pm\frac{d}{dx}(g(x)).$$</li><li>The <b>extended power rule</b> for derivatives states that if $_f(x) = x^n$_, where $_n$_ is a non-zero integer, then$$\frac{d}{dx}f(x)= n x^{n-1}.$$</li><li>The <b>constant multiple rule</b> for derivatives states that the derivative of a constant times a function is equal to the constant times the derivative of the function. In math notation this means that if $_g(x) = cf(x)$_, where $_c$_ is a constant, then$$\frac{d}{dx}\left(g(x)\right) = c \frac{d}{dx}\left( f(x) \right).$$</li></ul></p><p>Applying the sum and difference rules to the given function gives $$\begin{align}f(x) &= - 9x + 5x^{-6/7} \\[5pt] \frac{d}{dx}f(x) &= \frac{d}{dx}\left(- 9x + 5x^{-6/7}\right)&= -\frac{d}{dx}\left(9x\right)+\frac{d}{dx}\left(5x^{-6/7}\right)+\frac{d}{dx}\left(0\right)\end{align}$$ </p><p>Applying the constant rule to take the constants outside of the derivatives and using the fact that the derivative of a constant is zero, we have\end{align}$$</p>",Knewton,http://www.knewton.com,CC_BY_NC_ND
,Y,Y,Extend the power rule to functions with rational exponents,Find the derivative of a function with negative exponents,LEA,Extend the power rule to functions with rational exponents,AB,,,Find $_\displaystyle \frac{d}{dx} \left(- 6x^{-3/2} + 7x^{-4/3}\right)$_. ,,,,,,,, ,"{""type"": ""formulaV2"", ""is_math"": true, ""ui_style"": {""type"": ""block-on-focus-keyboard""}, ""template"": "" "", ""response_containers"": [], ""symbols"": [""basic"", ""qwerty""], ""validation"": {""scoring_type"": ""exactMatch"", ""valid_response"": {""score"": 1, ""value"": [{""method"": ""equivSymbolic"", ""value"": "" "", ""options"": {""ignoreText"": true, ""decimalPlaces"": 10}}]}, ""alt_responses"": []}}","<p>To solve this problem, you will need to recall:<ul><li>The <b>sum and difference rules</b> for derivatives state that the derivative of the sum or difference of two functions is equal to the sum or difference of their derivative. In math notation this means that if $_h(x) = f(x)\pm g(x)$_, then$$\frac{d}{dx}(h(x))= \frac{d}{dx}(f(x))\pm\frac{d}{dx}(g(x)).$$</li><li>The <b>extended power rule</b> for derivatives states that if $_f(x) = x^n$_, where $_n$_ is a non-zero integer, then$$\frac{d}{dx}f(x)= n x^{n-1}.$$</li><li>The <b>constant multiple rule</b> for derivatives states that the derivative of a constant times a function is equal to the constant times the derivative of the function. In math notation this means that if $_g(x) = cf(x)$_, where $_c$_ is a constant, then$$\frac{d}{dx}\left(g(x)\right) = c \frac{d}{dx}\left( f(x) \right).$$</li></ul></p><p>Applying the sum and difference rules to the given function gives $$\begin{align}f(x) &= - 6x^{-3/2} + 7x^{-4/3} \\[5pt] \frac{d}{dx}f(x) &= \frac{d}{dx}\left(- 6x^{-3/2} + 7x^{-4/3}\right)&= \frac{d}{dx}\left(7x^{-4/3}\right)-\frac{d}{dx}\left(6x^{-3/2}\right)+\frac{d}{dx}\left(0\right)\end{align}$$ </p><p>Applying the constant rule to take the constants outside of the derivatives and using the fact that the derivative of a constant is zero, we have\end{align}$$</p>",Knewton,http://www.knewton.com,CC_BY_NC_ND
